,0,1,2,3,4,5,6,7,8,9,10,11,12,13,14,15,16,17,18,19,20,21,22,23,24,25,26,27,28,29,30,31,32,33,34,35,36,37,38,39,40,41,42,43,44,45,46,47,48,49,50,51,52,53,54,55,56,57,58,59,60,61,62,63,64,65,66,67,68,69,70,71,72,73,74,75,76,77,78,79,80,81,82,83,84,85,86,87,88,89,90,91,92,93,94,95,96,97,98,99,100,101,102,103,104,105,106,107,108,109,110,111,112,113,114,115,116,117,118,119,120,121,122,123,124,125,126,127
0,-0.06118129938840866,-0.0009500617161393166,-0.023769643157720566,-0.07138116657733917,-0.11711253225803375,0.08294109255075455,-0.02169078029692173,-0.0878320038318634,0.20405317842960358,-0.19775426387786865,0.18641647696495056,-0.07869646698236465,-0.22376345098018646,-0.008465781807899475,-0.015906281769275665,0.1530408263206482,-0.0925782173871994,-0.20923401415348053,-0.11897644400596619,-0.08076463639736176,-0.11365881562232971,0.028060344979166985,0.04822583124041557,0.07290501892566681,-0.10584317147731781,-0.35552749037742615,-0.09195554256439209,-0.13195428252220154,-0.013441063463687897,-0.12559832632541656,-0.0379401259124279,0.08866944909095764,-0.1611301302909851,-0.00988992489874363,0.09304477274417877,0.09655269235372543,-0.0710507407784462,-0.061956748366355896,0.2871011793613434,0.025252103805541992,-0.2044420838356018,-0.07730060070753098,0.06619670987129211,0.2568263113498688,0.14529937505722046,0.027484551072120667,-0.03278147429227829,-0.06677724421024323,0.17668721079826355,-0.23359525203704834,0.0892920196056366,0.1642419695854187,0.11472560465335846,0.017143623903393745,0.07143140584230423,-0.06832616031169891,0.032514072954654694,0.14705827832221985,-0.20689421892166138,0.012811541557312012,0.03421705216169357,-0.088368721306324,-0.08630841970443726,-0.06318724900484085,0.27301034331321716,0.1210348904132843,-0.11480386555194855,-0.1684492975473404,0.2268369346857071,-0.1719709187746048,-0.06018693000078201,0.06087261810898781,-0.1268969178199768,-0.20546361804008484,-0.24654336273670197,0.00016051880083978176,0.4133441746234894,0.1310511976480484,-0.0897412970662117,0.1279495805501938,-0.012794685550034046,-0.1055106669664383,-0.03493095934391022,0.1681021898984909,-0.1020015999674797,0.04357443004846573,0.013701087795197964,0.03136026859283447,0.2105584293603897,-0.007493527606129646,-0.046515196561813354,0.16212593019008636,-0.0647764652967453,0.022758780047297478,0.07241688668727875,-0.008716583251953125,-0.06250037997961044,-0.06937761604785919,-0.15593130886554718,-0.027050938457250595,-0.021888883784413338,-0.03609537333250046,-0.011780191212892532,0.08168210834264755,-0.21826094388961792,0.16119830310344696,-0.07329527288675308,-0.08165095001459122,-0.014889111742377281,-0.007673060521483421,-0.07065484672784805,-0.049196649342775345,0.16215457022190094,-0.33160606026649475,0.09410573542118073,0.10882340371608734,0.07175299525260925,0.16139128804206848,0.0729566439986229,0.0424647182226181,0.0692376047372818,0.006040565669536591,-0.2514049708843231,-0.11283916234970093,0.09508314728736877,-0.025314312428236008,0.05740327388048172,0.039317987859249115
1,-0.06035372242331505,-0.00798796396702528,-0.026827462017536163,-0.14147233963012695,-0.09204833209514618,0.08950379490852356,-0.02620690129697323,-0.08897294104099274,0.23915499448776245,-0.20691749453544617,0.1704806685447693,-0.04093657433986664,-0.20278199017047882,-0.029729224741458893,0.019693709909915924,0.11262191832065582,-0.1455967128276825,-0.21781685948371887,-0.11733044683933258,-0.07967372983694077,-0.0919594019651413,0.03073296882212162,0.04013628512620926,0.08296380937099457,-0.12607425451278687,-0.37740153074264526,-0.10131153464317322,-0.12241046130657196,0.010801142081618309,-0.06548359245061874,-0.021189646795392036,0.07740573585033417,-0.20554520189762115,-0.035296838730573654,0.07950491458177567,0.1464133858680725,-0.07725201547145844,-0.07516729831695557,0.2655889391899109,0.03160923719406128,-0.20070508122444153,-0.0631541982293129,0.0987124815583229,0.26091107726097107,0.14265130460262299,0.02620459534227848,-0.03783925622701645,-0.022246815264225006,0.1889757364988327,-0.270681232213974,0.12110783159732819,0.17304107546806335,0.12810741364955902,0.03251330554485321,0.12822674214839935,-0.09204261749982834,0.07006882131099701,0.14667320251464844,-0.18787279725074768,0.0265815332531929,0.04323560744524002,-0.08751080930233002,-0.046312782913446426,-0.05703100562095642,0.2752520740032196,0.13658712804317474,-0.10212013125419617,-0.15459756553173065,0.2249245047569275,-0.132333442568779,-0.07532393932342529,0.055415038019418716,-0.1424354612827301,-0.16452176868915558,-0.27734050154685974,0.0016962382942438126,0.4518130421638489,0.16525495052337646,-0.10022106021642685,0.10655025392770767,-0.046778008341789246,-0.09117764979600906,-0.005818636156618595,0.14128141105175018,-0.10062193870544434,0.03884037584066391,-0.03017304092645645,0.054324693977832794,0.21275554597377777,0.038505710661411285,-0.06330744177103043,0.15218932926654816,-0.030016127973794937,0.038944754749536514,0.07177550345659256,-0.014986258000135422,-0.09874127805233002,-0.08526797592639923,-0.2171693742275238,-0.028082042932510376,-0.02300361916422844,-0.0037352563813328743,-0.03203221410512924,0.12968747317790985,-0.21900349855422974,0.17161253094673157,-0.028832705691456795,-0.1139732152223587,-0.024548038840293884,0.023763827979564667,-0.07443106174468994,-0.04008699581027031,0.12915252149105072,-0.3097268044948578,0.09490212798118591,0.11072424054145813,0.0888473242521286,0.17222446203231812,0.07305334508419037,0.01876140758395195,0.04402155056595802,-0.0076923854649066925,-0.25736871361732483,-0.13707949221134186,0.05670627951622009,-0.005340295843780041,0.07430723309516907,0.061844199895858765
2,-0.057623352855443954,0.051357317715883255,0.012388605624437332,-0.1343126893043518,-0.10448212921619415,0.10172323137521744,-0.05365798622369766,-0.09490793943405151,0.23759503662586212,-0.21905198693275452,0.17176103591918945,-0.015888135880231857,-0.2026858925819397,-0.04340523108839989,0.03190523758530617,0.11666446179151535,-0.14773952960968018,-0.23611465096473694,-0.08755670487880707,-0.06746404618024826,-0.055689625442028046,0.05123841390013695,0.011329911649227142,0.04524984583258629,-0.15027499198913574,-0.4037010669708252,-0.0860743373632431,-0.11223924160003662,-0.009757330641150475,-0.03992077708244324,-0.024103667587041855,0.07844920456409454,-0.1910879909992218,-0.013447245582938194,0.0605706050992012,0.12657685577869415,-0.08031781017780304,-0.05981440469622612,0.24228417873382568,0.04746079444885254,-0.20796571671962738,-0.047470517456531525,0.07189387083053589,0.26051077246665955,0.14713162183761597,0.03058801218867302,-0.021703697741031647,-0.015658661723136902,0.18376576900482178,-0.26263660192489624,0.11034644395112991,0.1649399697780609,0.11295673996210098,0.026688354089856148,0.14935702085494995,-0.10485365986824036,0.061907559633255005,0.125359445810318,-0.21616871654987335,0.024596013128757477,0.030516602098941803,-0.12462810426950455,-0.05705437809228897,-0.06351178884506226,0.2663543224334717,0.13279037177562714,-0.07809767127037048,-0.15634192526340485,0.22718501091003418,-0.12107010185718536,-0.08978940546512604,0.06623036414384842,-0.1375073790550232,-0.15528321266174316,-0.2935689091682434,0.007603979203850031,0.44648048281669617,0.171995148062706,-0.12597548961639404,0.07654537260532379,-0.0009037600830197334,-0.08038309216499329,0.03689577430486679,0.1261882185935974,-0.09125164151191711,0.009914137423038483,-0.05129237473011017,0.036175359040498734,0.2179812639951706,0.04445404186844826,-0.08330001682043076,0.1628882884979248,-0.016909491270780563,0.03598281368613243,0.06942212581634521,-0.017916325479745865,-0.094856858253479,-0.0848313495516777,-0.21475465595722198,-0.04422995075583458,-0.018481653183698654,-0.006656080484390259,-0.060820527374744415,0.1464277058839798,-0.20619355142116547,0.15993796288967133,-0.03329965099692345,-0.1078488826751709,-0.04732142388820648,0.01284446194767952,-0.08725422620773315,-0.03612344712018967,0.12432175129652023,-0.2946184277534485,0.08407603204250336,0.11694460362195969,0.07730225473642349,0.17684009671211243,0.06481708586215973,-0.007055036257952452,0.016813009977340698,-0.029430542141199112,-0.26579853892326355,-0.15475839376449585,0.07087063789367676,-0.007095371372997761,0.08142389357089996,0.05890071392059326
3,-0.04500900208950043,0.06991148740053177,0.0493844598531723,-0.0915774554014206,-0.1353578269481659,0.09265635907649994,-0.037142064422369,-0.10553720593452454,0.24615070223808289,-0.2143067866563797,0.1699807196855545,-0.06407088786363602,-0.23055242002010345,-0.009640175849199295,0.013555582612752914,0.12265023589134216,-0.13776946067810059,-0.2281518131494522,-0.11023025959730148,-0.10589290410280228,-0.077675960958004,0.039010994136333466,0.02417886257171631,0.04748908802866936,-0.10905323177576065,-0.37175682187080383,-0.02395445853471756,-0.07907038927078247,-0.025016620755195618,-0.07450788468122482,-0.0344565249979496,0.09957952052354813,-0.20530658960342407,-0.0593230165541172,0.07225733995437622,0.13934369385242462,-0.09153226763010025,-0.09609656035900116,0.26676589250564575,-0.01502249576151371,-0.17618726193904877,-0.04965072125196457,0.042495425790548325,0.23781247437000275,0.1514543741941452,-0.00941741093993187,-0.0358782596886158,-0.07054999470710754,0.2011081725358963,-0.27744531631469727,0.07592438161373138,0.20852671563625336,0.12035863101482391,0.03425164893269539,0.09327298402786255,-0.10188834369182587,0.054410554468631744,0.15408115088939667,-0.1832481324672699,0.0024221548810601234,0.058676984161138535,-0.14895641803741455,-0.028505858033895493,-0.0817442387342453,0.2797684669494629,0.07703488320112228,-0.08600065857172012,-0.14604665338993073,0.1720879077911377,-0.10367938131093979,-0.0706234872341156,0.05126497521996498,-0.12397906184196472,-0.18926575779914856,-0.2679849863052368,0.03533998504281044,0.42438191175460815,0.16538281738758087,-0.12276000529527664,0.11241123080253601,-0.05557320639491081,-0.08221778273582458,-0.022440314292907715,0.17502836883068085,-0.08120603114366531,0.02878209576010704,-0.0193447545170784,0.06275011599063873,0.1918613463640213,0.012446410953998566,-0.06991948187351227,0.22528696060180664,-0.015354625880718231,0.03747871145606041,0.053608618676662445,-0.05301010236144066,-0.08280139416456223,-0.04512824863195419,-0.1767011284828186,-0.017803505063056946,-0.008405426517128944,-0.008946439251303673,-0.008379828184843063,0.11800441145896912,-0.23631010949611664,0.1349601447582245,-0.08837401866912842,-0.055978454649448395,0.005064660683274269,-0.05863272398710251,-0.05074301362037659,-0.06374381482601166,0.14977401494979858,-0.34999868273735046,0.05047450214624405,0.11788798868656158,0.08672956377267838,0.2133614867925644,0.06741966307163239,0.016118155792355537,0.09188773483037949,-0.010644447058439255,-0.24302519857883453,-0.09120101481676102,0.09730535000562668,0.01192283071577549,0.05230729281902313,0.07949337363243103
4,-0.0600133091211319,0.006656327284872532,-0.0014869756996631622,-0.0832880437374115,-0.11295313388109207,0.09793490916490555,-0.009595789946615696,-0.09433877468109131,0.2327803522348404,-0.21954692900180817,0.17308184504508972,-0.058475252240896225,-0.2250811755657196,0.001979213207960129,-0.0040607452392578125,0.15281684696674347,-0.10535557568073273,-0.24746261537075043,-0.12547843158245087,-0.08276230841875076,-0.12007071077823639,0.028758427128195763,0.029367659240961075,0.06219249218702316,-0.09081738442182541,-0.37650609016418457,-0.07956904172897339,-0.09353433549404144,-0.02034640870988369,-0.11068025976419449,-0.0319770909845829,0.10280013084411621,-0.17816519737243652,-0.019045261666178703,0.09854482859373093,0.1357608288526535,-0.07236046344041824,-0.07975128293037415,0.2682987451553345,0.0247091893106699,-0.19509413838386536,-0.07407251745462418,0.05137750878930092,0.2673083543777466,0.15883299708366394,0.0067802248522639275,-0.05085153505206108,-0.07170477509498596,0.19368569552898407,-0.2529660165309906,0.07030006498098373,0.16904295980930328,0.12058602273464203,0.035189591348171234,0.07925447076559067,-0.06721006333827972,0.059839196503162384,0.15508955717086792,-0.19875016808509827,0.007597985677421093,0.037866026163101196,-0.11671902239322662,-0.04865417629480362,-0.0775497630238533,0.23950034379959106,0.0933493971824646,-0.09125705063343048,-0.1749773919582367,0.2007758468389511,-0.16336160898208618,-0.06097843497991562,0.06204986199736595,-0.1254110038280487,-0.2122810184955597,-0.24684977531433105,-0.02252821996808052,0.4175551235675812,0.17703565955162048,-0.09349474310874939,0.11228792369365692,-0.017635079100728035,-0.09544878453016281,-0.01608670875430107,0.15552586317062378,-0.08803186565637589,0.04020353779196739,-0.016772115603089333,0.044741831719875336,0.22693875432014465,0.02362101711332798,-0.06476394087076187,0.1866384744644165,-0.06311804801225662,0.042912520468235016,0.059987638145685196,-0.025221101939678192,-0.05286417156457901,-0.04382161796092987,-0.1824578046798706,-0.03963017091155052,-0.0525948628783226,-0.00983770377933979,-0.004541270434856415,0.08896773308515549,-0.2182801067829132,0.16370701789855957,-0.0758771002292633,-0.037836864590644836,-0.014749460853636265,-0.0199818667024374,-0.06946004182100296,-0.03551525995135307,0.16291406750679016,-0.3356859087944031,0.060587771236896515,0.13681849837303162,0.07485944032669067,0.16268500685691833,0.06561934947967529,0.01368623599410057,0.06289955228567123,-0.027671411633491516,-0.27214810252189636,-0.09046049416065216,0.07924482226371765,-0.010368232615292072,0.060547322034835815,0.05424901098012924
5,-0.04252690449357033,0.02444189041852951,-0.028085283935070038,-0.08519589900970459,-0.04898896440863609,-0.0007088901475071907,-0.01588648557662964,-0.148163303732872,0.21335230767726898,-0.21789367496967316,0.25553297996520996,-0.10246942937374115,-0.24732084572315216,-0.07223208248615265,0.004945937544107437,0.18037952482700348,-0.18900592625141144,-0.1442089080810547,-0.07376936078071594,-0.06854959577322006,-0.03131991624832153,-0.02024191804230213,0.01298784464597702,0.09440314024686813,-0.08440715819597244,-0.36326196789741516,-0.11198173463344574,-0.0788528174161911,-0.05070926249027252,-0.06250303238630295,0.0016234149225056171,0.11389287561178207,-0.1537201702594757,-0.03991030156612396,0.06554985791444778,0.0771348625421524,-0.06105418875813484,-0.10314160585403442,0.20804528892040253,0.02562343329191208,-0.16207097470760345,-0.09403856843709946,0.06969575583934784,0.28453344106674194,0.18059596419334412,-0.04510369896888733,-0.03790896385908127,-0.07129940390586853,0.18461045622825623,-0.25962817668914795,-5.967100150883198e-05,0.11640270054340363,0.10532546043395996,0.04211089760065079,0.10186226665973663,-0.0715835839509964,0.04380476474761963,0.16583850979804993,-0.20423655211925507,0.007295203395187855,0.011566124856472015,-0.10768214613199234,-0.04847412928938866,-0.05262140557169914,0.25883880257606506,0.14712989330291748,-0.12357507646083832,-0.13063330948352814,0.18990519642829895,-0.1414339244365692,-0.054815150797367096,0.031143173575401306,-0.14053836464881897,-0.2523758113384247,-0.2517509460449219,-0.031082626432180405,0.38837379217147827,0.14756013453006744,-0.1448753923177719,0.09652367234230042,-0.011053111404180527,-0.07219252735376358,0.10505210608243942,0.1849762201309204,-0.0024329889565706253,0.033576130867004395,-0.022701362147927284,0.04434609413146973,0.20122596621513367,-0.04069150239229202,-0.06922860443592072,0.27225303649902344,-0.08109626173973083,0.02403416484594345,0.076357401907444,-0.05547187849879265,-0.042096659541130066,-0.01590030826628208,-0.21099787950515747,-0.04540847986936569,-0.004444032907485962,-0.028057057410478592,-0.008774355053901672,0.042945344001054764,-0.1680724173784256,0.10998129844665527,0.01631721295416355,-0.002325408160686493,0.013228809460997581,-0.05501808971166611,-0.09471454471349716,-0.03411274775862694,0.1361718475818634,-0.31170228123664856,0.11244305968284607,0.10556817054748535,0.06763879954814911,0.1703445166349411,0.0358988381922245,0.008760953322052956,0.06779353320598602,-0.08213374018669128,-0.1757073998451233,-0.02811751887202263,0.07890019565820694,0.018428197130560875,0.04554300010204315,-0.038347236812114716
6,-0.10596603900194168,0.0025720950216054916,0.04860036447644234,-0.06575655937194824,-0.009792501106858253,-0.021226413547992706,-0.05411265790462494,-0.12211251258850098,0.2007354348897934,-0.2576749622821808,0.20406559109687805,-0.007658788934350014,-0.17795924842357635,-0.08260606974363327,0.031115103513002396,0.17304101586341858,-0.15080513060092926,-0.16426806151866913,-0.062319811433553696,-0.063656285405159,-0.022426635026931763,0.023513974621891975,0.03697208687663078,0.06858964264392853,-0.10791216045618057,-0.3559607267379761,-0.1298951804637909,-0.06591838598251343,0.00044774264097213745,-0.017231762409210205,-0.027057217434048653,0.05069848895072937,-0.18973813951015472,-0.006617708131670952,0.040435947477817535,0.08777152746915817,-0.042755819857120514,-0.1021282821893692,0.18874910473823547,0.04512414708733559,-0.20017315447330475,-0.10123146325349808,0.03256630152463913,0.20559945702552795,0.18355616927146912,-0.006229878403246403,-0.006128786597400904,-0.03895731642842293,0.16620701551437378,-0.2738213837146759,0.033690765500068665,0.10994461178779602,0.06562313437461853,0.03293488174676895,0.07466569542884827,-0.11968523263931274,0.05438929796218872,0.16086634993553162,-0.21556389331817627,0.03162495046854019,0.008214931935071945,-0.09072135388851166,-0.025515340268611908,0.036145154386758804,0.25041043758392334,0.16322867572307587,-0.12844452261924744,-0.13138973712921143,0.25987547636032104,-0.15558788180351257,0.02711576223373413,0.06552811712026596,-0.1263280063867569,-0.24651090800762177,-0.22152340412139893,0.009033873677253723,0.43146979808807373,0.1582469642162323,-0.07084205001592636,0.08783260732889175,-0.057254113256931305,-0.04312853887677193,0.05938779562711716,0.1524430215358734,-0.051218703389167786,0.017949700355529785,-0.017543574795126915,0.025653144344687462,0.21872995793819427,0.06583750993013382,-0.0676531046628952,0.2627318501472473,-0.051004353910684586,0.03172688186168671,0.0738803967833519,-0.02381177246570587,-0.03475476801395416,-0.057432178407907486,-0.16220907866954803,-0.026169870048761368,-0.047989729791879654,-0.0539717935025692,-0.010952737182378769,0.09845665842294693,-0.15310731530189514,0.14786644279956818,-0.018434695899486542,-0.009720824658870697,0.002128678373992443,0.027985770255327225,-0.10543595999479294,-0.052360497415065765,0.08154595643281937,-0.2544509470462799,0.11787983775138855,0.13197313249111176,0.09450691938400269,0.19399966299533844,0.05857422947883606,0.05474012717604637,0.061050303280353546,-0.07811971008777618,-0.1870713084936142,-0.05530082806944847,0.05909137427806854,-0.036704838275909424,0.07438323646783829,0.014239588752388954
7,-0.08114971220493317,-0.0022092550061643124,0.006202854216098785,-0.07696770131587982,-0.09432204067707062,0.06519736349582672,-0.010439632460474968,-0.1026991754770279,0.2202242612838745,-0.19438910484313965,0.16165265440940857,-0.03871234506368637,-0.21816107630729675,-0.024823926389217377,0.011069193482398987,0.13783685863018036,-0.12595044076442719,-0.24427470564842224,-0.12443158030509949,-0.09358922392129898,-0.12558779120445251,0.0049369316548109055,0.02898428961634636,0.04483800381422043,-0.1027483344078064,-0.36193224787712097,-0.05956434831023216,-0.08494994044303894,-0.04460541158914566,-0.06418883800506592,-0.02710617706179619,0.10212981700897217,-0.18358507752418518,-0.041219353675842285,0.08540725708007812,0.12342282384634018,-0.0800405740737915,-0.09024468064308167,0.2828110456466675,0.006974600255489349,-0.19007346034049988,-0.07907061278820038,0.05839627981185913,0.2572891116142273,0.1614443063735962,-0.018211729824543,-0.027352601289749146,-0.06219400465488434,0.1985584795475006,-0.2642699182033539,0.07132308930158615,0.1735634058713913,0.12253694236278534,0.04033496975898743,0.07166486978530884,-0.07015065848827362,0.05772733315825462,0.15357963740825653,-0.1961456537246704,0.02529774233698845,0.03980211168527603,-0.14268717169761658,-0.033547401428222656,-0.0793164074420929,0.24340584874153137,0.10289042443037033,-0.08239684998989105,-0.16773471236228943,0.21979333460330963,-0.12883926928043365,-0.06634577363729477,0.05931562930345535,-0.12276643514633179,-0.2323356568813324,-0.2656594216823578,-0.003228135174140334,0.41208866238594055,0.17314046621322632,-0.08191422373056412,0.10265744477510452,-0.052589207887649536,-0.10461781919002533,-0.010719122365117073,0.14834055304527283,-0.07082012295722961,0.027612797915935516,-0.014482153579592705,0.04915434122085571,0.25468504428863525,0.03063357248902321,-0.09967274963855743,0.1756286323070526,-0.03522862121462822,0.024383224546909332,0.0576094314455986,-0.018629521131515503,-0.02854958549141884,-0.02015009894967079,-0.18994224071502686,-0.000714913010597229,-0.03657013177871704,-0.03348645195364952,0.013620289042592049,0.08035119622945786,-0.2033061534166336,0.14423684775829315,-0.049881793558597565,-0.03560010343790054,-0.02188800647854805,-0.029696740210056305,-0.07789923250675201,-0.032392360270023346,0.14878690242767334,-0.3371450901031494,0.0981031060218811,0.1380757838487625,0.10929051041603088,0.18538829684257507,0.04973136633634567,0.0013900231570005417,0.07243276387453079,-0.03574647754430771,-0.2424721121788025,-0.09222706407308578,0.07268013060092926,0.027196381241083145,0.08129340410232544,0.10111908614635468
8,-0.0648370087146759,-0.010951517149806023,-0.0071391090750694275,-0.0880274698138237,-0.10351182520389557,0.09046443551778793,-0.02228972502052784,-0.08789808303117752,0.21002252399921417,-0.21462112665176392,0.17100730538368225,-0.06018994003534317,-0.23544760048389435,-0.003076177090406418,0.01420828327536583,0.1413470208644867,-0.11382587999105453,-0.23856309056282043,-0.12507614493370056,-0.08680568635463715,-0.12275436520576477,0.036474891006946564,0.044933825731277466,0.06451284140348434,-0.09592342376708984,-0.3845423758029938,-0.08401397615671158,-0.11165228486061096,-0.013318643905222416,-0.10499684512615204,-0.026368476450443268,0.08787493407726288,-0.1724255383014679,-0.006640583276748657,0.10028450191020966,0.11641217768192291,-0.06674661487340927,-0.09052589535713196,0.28112533688545227,0.02660408616065979,-0.1994444876909256,-0.08034403622150421,0.051621321588754654,0.2598629295825958,0.1638299524784088,0.007448006421327591,-0.04903028532862663,-0.06384402513504028,0.1868659108877182,-0.24159365892410278,0.07521043717861176,0.174874410033226,0.11732949316501617,0.02460915595293045,0.08296913653612137,-0.05936235561966896,0.0578887015581131,0.16306033730506897,-0.21445001661777496,0.012739242985844612,0.03381224349141121,-0.1075538694858551,-0.0385904423892498,-0.07254217565059662,0.2546630799770355,0.09339309483766556,-0.10750365257263184,-0.16669487953186035,0.20955714583396912,-0.16324026882648468,-0.05981831252574921,0.06214121729135513,-0.1351093202829361,-0.21842467784881592,-0.2393934577703476,-0.01571064069867134,0.40033164620399475,0.16898958384990692,-0.09559508413076401,0.1132519394159317,-0.017311960458755493,-0.10702289640903473,-0.012119497172534466,0.1634385585784912,-0.08965463936328888,0.02747466042637825,-0.0012551480904221535,0.037557631731033325,0.23130495846271515,0.030393194407224655,-0.06942058354616165,0.18560217320919037,-0.06762737035751343,0.0286871250718832,0.07290836423635483,-0.022811703383922577,-0.055545371025800705,-0.059995707124471664,-0.1815626174211502,-0.03206872567534447,-0.05627413094043732,-0.024044394493103027,-0.0074377283453941345,0.09093780070543289,-0.20852383971214294,0.1548791378736496,-0.07108811289072037,-0.060165174305438995,-0.018141478300094604,-0.018336163833737373,-0.07540340721607208,-0.043800342828035355,0.15969142317771912,-0.3379978835582733,0.07658421248197556,0.13461041450500488,0.09512455016374588,0.16483743488788605,0.06101143732666969,0.013298973441123962,0.0612260177731514,-0.019617050886154175,-0.2674459218978882,-0.09755267202854156,0.08622052520513535,-0.006069607101380825,0.07299647480249405,0.04857514798641205
9,-0.06277049332857132,-0.019514767453074455,-0.008243251591920853,-0.08879092335700989,-0.10465355217456818,0.06790117919445038,0.004468850791454315,-0.10759046673774719,0.23547318577766418,-0.2343727946281433,0.11220169067382812,-0.04080630838871002,-0.2107001692056656,-0.011706065386533737,0.04103017970919609,0.12142527103424072,-0.1289910227060318,-0.2287394255399704,-0.12327524274587631,-0.11462964117527008,-0.09213070571422577,0.02090560458600521,0.026802420616149902,0.052055828273296356,-0.1101837158203125,-0.3661421537399292,-0.09331613034009933,-0.10488089174032211,-0.008351979777216911,-0.042781975120306015,0.007499401457607746,0.10308939218521118,-0.18264123797416687,-0.04387110471725464,0.08875293284654617,0.1311453878879547,-0.05959517881274223,-0.06434881687164307,0.26958930492401123,0.022078193724155426,-0.18531154096126556,-0.09245195239782333,0.08051356673240662,0.257625013589859,0.1530475914478302,0.02169124409556389,-0.034830283373594284,-0.05468539893627167,0.16996674239635468,-0.24918942153453827,0.08642331510782242,0.15164321660995483,0.11635752022266388,0.054048988968133926,0.10933635383844376,-0.09883874654769897,0.07274876534938812,0.13856439292430878,-0.19811952114105225,0.0780382752418518,0.0495295524597168,-0.13320887088775635,-0.04904772341251373,-0.044201843440532684,0.27407824993133545,0.09970365464687347,-0.0966779813170433,-0.16501224040985107,0.23322135210037231,-0.17199459671974182,-0.0741390734910965,0.055470772087574005,-0.11662831157445908,-0.19392062723636627,-0.2513029873371124,-0.0262288898229599,0.4409315586090088,0.18260395526885986,-0.13071148097515106,0.06123122572898865,-0.040383558720350266,-0.1050894483923912,0.04772579297423363,0.19333702325820923,-0.05091238394379616,0.0010830014944076538,0.002060768660157919,0.03339701145887375,0.2319764494895935,0.036391016095876694,-0.08397896587848663,0.2124926745891571,-0.022574283182621002,0.02674723230302334,0.04181084781885147,-0.02813537046313286,-0.06786222010850906,-0.03844660893082619,-0.1956118643283844,-0.04525493457913399,-0.01350189559161663,-0.028146883472800255,0.0019187573343515396,0.11761625111103058,-0.2067093402147293,0.16947852075099945,-0.054644376039505005,-0.05317678302526474,-0.005907322280108929,0.0002759471535682678,-0.09287671744823456,-0.04797255992889404,0.17075133323669434,-0.31347620487213135,0.0843396931886673,0.16493867337703705,0.06006864458322525,0.1723550707101822,0.04566876217722893,0.04525018110871315,0.09287689626216888,-0.02726609632372856,-0.2688699960708618,-0.0880608856678009,0.04216885566711426,-0.013507889583706856,0.04333800822496414,0.07497978955507278
10,-0.09760063886642456,0.01584038883447647,-0.04933374375104904,-0.06916475296020508,-0.07022304832935333,0.03309401869773865,-0.019458020105957985,-0.0918450802564621,0.1783241629600525,-0.15451224148273468,0.1450895220041275,0.01633656583726406,-0.23607923090457916,-0.07489123940467834,0.023498553782701492,0.10334061831235886,-0.18968011438846588,-0.2014787644147873,-0.1235436201095581,-0.11267384886741638,-0.055352747440338135,-0.006685972213745117,0.04932932183146477,0.06369888037443161,-0.1367131769657135,-0.4067014455795288,-0.11323505640029907,-0.08283478766679764,0.032077837735414505,-0.05537860095500946,-0.0005781697109341621,0.072355717420578,-0.198298379778862,-0.006145576015114784,0.07580911368131638,0.1266581267118454,-0.0481572262942791,-0.07310531288385391,0.28292468190193176,0.03532468527555466,-0.15118201076984406,-0.09730744361877441,0.06882315874099731,0.3077329099178314,0.19712984561920166,0.010320790112018585,0.019140753895044327,0.011361174285411835,0.14111661911010742,-0.29345938563346863,0.10419966280460358,0.18246954679489136,0.09110277891159058,0.07479461282491684,0.09973878413438797,-0.14363399147987366,0.010001878254115582,0.15585842728614807,-0.15447942912578583,0.06756705790758133,-0.025658339262008667,-0.14971131086349487,-0.08907677978277206,-0.04442416876554489,0.2545757591724396,0.13951392471790314,-0.11922787874937057,-0.18414348363876343,0.25655966997146606,-0.16871242225170135,-0.03526490554213524,0.06532222777605057,-0.12573948502540588,-0.2077854722738266,-0.25855639576911926,0.022173047065734863,0.4289926588535309,0.20780588686466217,-0.14453676342964172,0.04786317050457001,-0.0798673927783966,-0.07737834006547928,0.0543370395898819,0.13795408606529236,-0.051623113453388214,0.021155398339033127,-0.08059056848287582,0.08812204003334045,0.22978129982948303,0.0209888257086277,-0.1068277433514595,0.2008723020553589,-0.004699144512414932,0.03664843738079071,0.05745676904916763,0.01848406344652176,-0.06342843919992447,-0.04271075874567032,-0.196196511387825,-0.027104567736387253,0.06332678347826004,-0.04049026593565941,-0.00729580782353878,0.11045438796281815,-0.15264078974723816,0.15644362568855286,-0.0034622810781002045,-0.05614224821329117,-0.028498660773038864,-0.020658807829022408,-0.11392738670110703,-0.033731792122125626,0.1484692096710205,-0.334323525428772,0.17369545996189117,0.20121856033802032,0.04072137176990509,0.20255260169506073,0.03421438857913017,0.030501611530780792,0.07266027480363846,-0.07923662662506104,-0.20557954907417297,-0.1085665374994278,0.006434636190533638,0.033355724066495895,0.0311769787222147,0.04367715120315552
11,-0.0516694150865078,-0.0010709143243730068,0.010556787252426147,-0.06211770698428154,-0.11988170444965363,0.0898389220237732,-0.007217083126306534,-0.06956181675195694,0.22771334648132324,-0.20830562710762024,0.18315578997135162,-0.07713896036148071,-0.21424421668052673,0.014167485758662224,-0.024252597242593765,0.14967317879199982,-0.08681885898113251,-0.23216745257377625,-0.11130070686340332,-0.09777609258890152,-0.11338018625974655,0.043989866971969604,0.012647479772567749,0.06702783703804016,-0.12410612404346466,-0.34243258833885193,-0.056464783847332,-0.11687038093805313,-0.024353954941034317,-0.13944590091705322,-0.028724247589707375,0.10271218419075012,-0.16657790541648865,-0.010771293193101883,0.09523440152406693,0.11172637343406677,-0.06898827105760574,-0.06999227404594421,0.294417142868042,0.017630212008953094,-0.19841860234737396,-0.07661978155374527,0.05658821761608124,0.2663801610469818,0.1740768700838089,0.0032035652548074722,-0.056224968284368515,-0.07616668939590454,0.20874851942062378,-0.25808075070381165,0.08962086588144302,0.17115464806556702,0.11272773146629333,0.03790363669395447,0.06449417769908905,-0.07645925879478455,0.027068883180618286,0.16622942686080933,-0.1881392002105713,0.004949089139699936,0.037537943571805954,-0.09860820323228836,-0.05019533634185791,-0.05584527552127838,0.26497188210487366,0.08605029433965683,-0.10789544135332108,-0.14148050546646118,0.22016648948192596,-0.1634792536497116,-0.05555383116006851,0.05189070105552673,-0.12459811568260193,-0.2006945013999939,-0.24711330235004425,0.01061832532286644,0.4144919216632843,0.140866219997406,-0.10702230036258698,0.12294197082519531,-0.013706040568649769,-0.07296624779701233,-0.012584593147039413,0.16147488355636597,-0.09357099235057831,0.019127551466226578,0.007477783132344484,0.03431353718042374,0.2224046140909195,0.0220621470361948,-0.05931844562292099,0.16552399098873138,-0.062468286603689194,0.020854076370596886,0.08148778975009918,-0.01749999076128006,-0.0630326196551323,-0.06668637692928314,-0.17086178064346313,-0.03015117719769478,-0.04447272792458534,-0.0052707623690366745,-0.005251776427030563,0.11099595576524734,-0.22018620371818542,0.1712590754032135,-0.07863818109035492,-0.05502171814441681,-0.00918546598404646,-0.014877952635288239,-0.054123908281326294,-0.04360194876790047,0.1616748869419098,-0.31785017251968384,0.07164199650287628,0.0822129100561142,0.06527958065271378,0.180716410279274,0.06832967698574066,0.03495287150144577,0.06442689895629883,-0.001535717397928238,-0.25512340664863586,-0.08658934384584427,0.09354422241449356,-0.011021621525287628,0.07400035858154297,0.04765486344695091
12,-0.09022980183362961,0.027889609336853027,0.02351462095975876,-0.08362935483455658,-0.11535245180130005,0.04878056049346924,-0.019985347986221313,-0.0659543126821518,0.18388016521930695,-0.22018684446811676,0.1824946254491806,-0.05110466480255127,-0.25279685854911804,-0.015649154782295227,-0.013788972049951553,0.16148291528224945,-0.06139783561229706,-0.168528750538826,-0.11021728068590164,-0.03294229507446289,-0.006080109626054764,-0.012509621679782867,0.0133969746530056,0.09474886953830719,-0.1357085406780243,-0.34058254957199097,-0.08002977818250656,-0.0978083461523056,-0.05883321911096573,-0.09214447438716888,-0.13549010455608368,0.03470580652356148,-0.15934742987155914,-0.0181085467338562,0.003946177661418915,0.05224771797657013,-0.110871821641922,-0.10411529242992401,0.17822854220867157,0.06411171704530716,-0.20999498665332794,-0.05059840530157089,0.03803977370262146,0.2183605581521988,0.15401025116443634,0.019772887229919434,0.015660393983125687,-0.07310733944177628,0.14270275831222534,-0.31517913937568665,0.09223698079586029,0.09793946146965027,0.10150222480297089,0.05879564583301544,0.10346902906894684,-0.15693438053131104,0.039940353482961655,0.12752065062522888,-0.22275316715240479,0.06427001953125,0.006206924095749855,-0.045055240392684937,-0.09763668477535248,-0.044477663934230804,0.26742103695869446,0.2736670970916748,-0.09005425870418549,-0.1549089401960373,0.24104472994804382,-0.153390571475029,-0.01170936319977045,0.08271373808383942,-0.12044922262430191,-0.22518016397953033,-0.18128052353858948,0.019189154729247093,0.3441768288612366,0.20933352410793304,-0.11893919110298157,-0.0013608336448669434,-0.07026159763336182,0.013269828632473946,0.06471660733222961,0.059256505221128464,-0.09270913153886795,-0.0004780180752277374,-0.03693046048283577,0.04758105427026749,0.18617501854896545,-0.017308309674263,-0.06358741223812103,0.23046164214611053,0.01621980592608452,-0.015200048685073853,0.07508205622434616,0.008467979729175568,-0.09446320682764053,-0.03556405007839203,-0.17129401862621307,-0.036854714155197144,0.04666411876678467,-0.06378298252820969,0.0006978940218687057,0.08896216005086899,-0.17535921931266785,0.1026541218161583,-0.06198178976774216,-0.049121394753456116,0.0031546689569950104,-0.006040947511792183,-0.12803280353546143,-0.03219238296151161,0.08462542295455933,-0.26430827379226685,0.13956080377101898,0.1080092266201973,0.06606273353099823,0.12923255562782288,0.06373219192028046,0.013377677649259567,0.05223282054066658,-0.08002018928527832,-0.1900748759508133,-0.055436231195926666,0.13283732533454895,-0.004821363836526871,0.0417306050658226,0.01405250746756792
13,-0.07825356721878052,0.002797943539917469,0.004654113203287125,-0.052269965410232544,-0.12802988290786743,0.07562562078237534,-0.02580971270799637,-0.0859658420085907,0.21732096374034882,-0.22373825311660767,0.17152781784534454,-0.07529984414577484,-0.19877076148986816,-0.008686382323503494,-0.025467325001955032,0.1622077077627182,-0.08092757314443588,-0.2275351732969284,-0.08894308656454086,-0.09821077436208725,-0.10491256415843964,0.04741404205560684,0.03878069669008255,0.07371282577514648,-0.14376214146614075,-0.36091768741607666,-0.049240194261074066,-0.12950709462165833,-0.043069325387477875,-0.1291896104812622,-0.027968309819698334,0.10672364383935928,-0.1646057367324829,0.0031281206756830215,0.08797487616539001,0.1105530709028244,-0.05216670408844948,-0.03853435069322586,0.281740665435791,0.007835282012820244,-0.21570691466331482,-0.0849456712603569,0.07280944287776947,0.26086413860321045,0.15465933084487915,0.01345742866396904,-0.05360967293381691,-0.07228818535804749,0.19292697310447693,-0.25897017121315,0.09451208263635635,0.13395918905735016,0.08580979704856873,0.0043199323117733,0.0745215117931366,-0.09347830712795258,0.008800540119409561,0.14975716173648834,-0.17991870641708374,0.01701546460390091,0.03528375178575516,-0.08152870833873749,-0.07381231337785721,-0.058508049696683884,0.2855532467365265,0.12394700199365616,-0.10585632920265198,-0.13024598360061646,0.2325432449579239,-0.16322459280490875,-0.0413358099758625,0.052666038274765015,-0.10855439305305481,-0.19773849844932556,-0.2351231873035431,-0.011714864522218704,0.4225821793079376,0.13558870553970337,-0.10758435726165771,0.09995219856500626,-0.008158093318343163,-0.05771542340517044,0.0014918623492121696,0.14689776301383972,-0.09762224555015564,0.015899010002613068,0.015635035932064056,0.03567817062139511,0.2208476960659027,0.03293721005320549,-0.060408465564250946,0.16345000267028809,-0.05771531164646149,0.03421512991189957,0.07584021985530853,-0.02950402721762657,-0.07546370476484299,-0.06181759014725685,-0.18346235156059265,-0.0301763117313385,-0.04626598581671715,-0.011808964423835278,0.0007954537868499756,0.11589019000530243,-0.21853572130203247,0.16855746507644653,-0.06816098093986511,-0.059359755367040634,0.0027676913887262344,0.036057185381650925,-0.06704066693782806,-0.0450342558324337,0.14827516674995422,-0.2933201193809509,0.09331129491329193,0.07728305459022522,0.07261699438095093,0.19339680671691895,0.07434289157390594,0.03785247355699539,0.06380635499954224,0.0038743987679481506,-0.2565671503543854,-0.08096742630004883,0.10174703598022461,-0.05086719989776611,0.08240436017513275,0.05069157853722572
14,-0.0678749606013298,-0.005366684403270483,0.0031575970351696014,-0.07460682094097137,-0.09487651288509369,0.07315350323915482,-0.023669105023145676,-0.10967591404914856,0.23472946882247925,-0.2510993480682373,0.17093613743782043,-0.07184457778930664,-0.22198909521102905,-0.006822492927312851,-0.013046540319919586,0.1619512438774109,-0.09826745837926865,-0.26366549730300903,-0.09724821895360947,-0.10898007452487946,-0.11086320877075195,0.02799432910978794,0.02547028288245201,0.06756521761417389,-0.1152244359254837,-0.35883572697639465,-0.0729764774441719,-0.11243688315153122,-0.04761943221092224,-0.10941837728023529,-0.01954720914363861,0.08780627697706223,-0.1868714690208435,-9.819678962230682e-05,0.10125191509723663,0.13746902346611023,-0.04058239981532097,-0.06971919536590576,0.2712947130203247,0.010075516998767853,-0.19329580664634705,-0.0848987028002739,0.043611619621515274,0.2555842399597168,0.13598395884037018,-0.005182418040931225,-0.0720876157283783,-0.08835338801145554,0.18729715049266815,-0.24106408655643463,0.06433527916669846,0.16179218888282776,0.11583438515663147,0.023162029683589935,0.06184310466051102,-0.08265040069818497,0.05950958654284477,0.1460374891757965,-0.20667824149131775,0.0005856771022081375,0.022698676213622093,-0.11781598627567291,-0.05450104922056198,-0.05768415331840515,0.2741379737854004,0.1080745980143547,-0.10646186769008636,-0.16259948909282684,0.21422924101352692,-0.1592823565006256,-0.04231639206409454,0.05065086856484413,-0.12283457815647125,-0.21378003060817719,-0.23559904098510742,-0.02186131477355957,0.4175686538219452,0.14807236194610596,-0.1254231035709381,0.11929690092802048,-0.028312817215919495,-0.07347609102725983,-0.005586966872215271,0.15879127383232117,-0.08032126724720001,0.03757895529270172,-0.004207666032016277,0.039310600608587265,0.22644910216331482,0.016671884804964066,-0.0785946175456047,0.16543622314929962,-0.0822540670633316,0.04541153460741043,0.07408363372087479,-0.03674878552556038,-0.06449529528617859,-0.05030612275004387,-0.17927637696266174,-0.04032082483172417,-0.05629998445510864,-0.005352649837732315,-0.011949241161346436,0.09644636511802673,-0.21554769575595856,0.1551724523305893,-0.06725812703371048,-0.07109715789556503,-0.016952961683273315,0.011663703247904778,-0.07115799188613892,-0.05543829873204231,0.15853387117385864,-0.32923805713653564,0.09897581487894058,0.12241862714290619,0.07380456477403641,0.19594871997833252,0.059079136699438095,0.02896851673722267,0.06017972528934479,-0.012305911630392075,-0.25673162937164307,-0.08820804953575134,0.0822594165802002,-0.015521655790507793,0.08236158639192581,0.04093078151345253
15,-0.07424943894147873,-0.0025027021765708923,-0.0043608397245407104,-0.05524684488773346,-0.10704252868890762,0.05607256665825844,-0.026803893968462944,-0.08485090732574463,0.23205432295799255,-0.23713940382003784,0.15866321325302124,-0.06153124198317528,-0.19583405554294586,-0.0030146725475788116,-0.010001014918088913,0.1466391235589981,-0.10007509589195251,-0.22678382694721222,-0.0941891297698021,-0.10641665011644363,-0.08865873515605927,0.02534227818250656,0.013769987970590591,0.06687213480472565,-0.11890880763530731,-0.3295096755027771,-0.08438682556152344,-0.10294756293296814,-0.029312364757061005,-0.1137782633304596,-0.02591022476553917,0.09271486848592758,-0.16185720264911652,-0.006580570712685585,0.09015285968780518,0.10493004322052002,-0.03950788825750351,-0.07190161943435669,0.25759077072143555,0.015824059024453163,-0.2049730271100998,-0.09355702251195908,0.06200927868485451,0.2511568069458008,0.16579651832580566,0.019042357802391052,-0.07225578278303146,-0.08340650796890259,0.20530544221401215,-0.24914546310901642,0.05209142714738846,0.16368280351161957,0.09567070007324219,0.021361686289310455,0.06028235703706741,-0.07612591236829758,0.04687625914812088,0.12236243486404419,-0.21092484891414642,-0.016362488269805908,0.016300546005368233,-0.12702657282352448,-0.09023857116699219,-0.05605349689722061,0.2730455696582794,0.14169606566429138,-0.10608192533254623,-0.1821957379579544,0.23642054200172424,-0.18262127041816711,-0.06616916507482529,0.0558403842151165,-0.11563242226839066,-0.19423562288284302,-0.24530886113643646,-0.00552538875490427,0.4177795648574829,0.1172780692577362,-0.09400607645511627,0.13339315354824066,-0.011929251253604889,-0.0780278742313385,-0.01526778843253851,0.18336176872253418,-0.09495609253644943,0.012880682945251465,0.014781687408685684,0.02486967295408249,0.22493769228458405,6.672367453575134e-05,-0.0664544329047203,0.13496947288513184,-0.0653865709900856,0.020812200382351875,0.07751130312681198,-0.00704922154545784,-0.07124942541122437,-0.047768089920282364,-0.1685025691986084,-0.03412444517016411,-0.0038693745154887438,-0.018217360600829124,-0.012962378561496735,0.10792145878076553,-0.21546250581741333,0.16044504940509796,-0.07121893763542175,-0.08983311802148819,-0.0006099948659539223,-0.01972554810345173,-0.06882098317146301,-0.04368946701288223,0.1405373513698578,-0.31621354818344116,0.11004403978586197,0.0983160138130188,0.06574027240276337,0.19063930213451385,0.05379065126180649,0.05604639649391174,0.06466683745384216,0.00877290591597557,-0.2337448000907898,-0.10892858356237411,0.08081044256687164,-0.022447720170021057,0.05182736739516258,0.020137084648013115
16,-0.09001920372247696,-0.018535591661930084,0.01485389843583107,-0.055685240775346756,-0.10281823575496674,0.07806709408760071,-0.0006385426968336105,-0.05426520109176636,0.22350847721099854,-0.22397471964359283,0.1825045496225357,-0.05885786563158035,-0.2359517514705658,-0.01064458116889,-0.012739112600684166,0.15820148587226868,-0.09781569242477417,-0.22194012999534607,-0.10572607070207596,-0.10752648115158081,-0.1170651987195015,0.03367164358496666,0.01602131873369217,0.061246249824762344,-0.13166263699531555,-0.35597914457321167,-0.07085822522640228,-0.11098986119031906,-0.021325793117284775,-0.13174045085906982,-0.018598198890686035,0.0856265127658844,-0.16387249529361725,-0.003496464341878891,0.09110374748706818,0.0995231419801712,-0.04344812408089638,-0.06680935621261597,0.28563401103019714,0.015589931979775429,-0.21996474266052246,-0.085057333111763,0.08631928265094757,0.2672866880893707,0.14986155927181244,0.02599979192018509,-0.06662438809871674,-0.06921525299549103,0.21242865920066833,-0.25038716197013855,0.06769558787345886,0.16533398628234863,0.10251156240701675,0.01390414871275425,0.07570862770080566,-0.07208211719989777,0.03925006091594696,0.15109452605247498,-0.19919241964817047,0.014763041399419308,0.01729586534202099,-0.10943852365016937,-0.053820766508579254,-0.03784499317407608,0.2587219178676605,0.07719281315803528,-0.11152780055999756,-0.156110942363739,0.24923795461654663,-0.1790342926979065,-0.0447271354496479,0.07031986862421036,-0.11123182624578476,-0.20852583646774292,-0.2552470266819,0.0035742362961173058,0.41302645206451416,0.13756726682186127,-0.07882576435804367,0.1409161239862442,-0.01836194284260273,-0.09858149290084839,-0.01750950887799263,0.18624219298362732,-0.09349524974822998,0.015118498355150223,0.007948159240186214,0.027873501181602478,0.24411071836948395,0.03397095948457718,-0.046033553779125214,0.16718891263008118,-0.05097449570894241,0.014346623793244362,0.06541852653026581,-0.01570512354373932,-0.08443332463502884,-0.07200051844120026,-0.16768227517604828,-0.040375642478466034,-0.016810914501547813,-0.02328069508075714,0.0011390633881092072,0.1078171581029892,-0.24176959693431854,0.1602482944726944,-0.06599746644496918,-0.07549099624156952,0.004941899329423904,0.010737063363194466,-0.059072528034448624,-0.04119710996747017,0.14201349020004272,-0.32478588819503784,0.09981667995452881,0.11199602484703064,0.08508864045143127,0.16780564188957214,0.07521229237318039,0.020992998033761978,0.07300147414207458,-0.006177347153425217,-0.2419528216123581,-0.11283934861421585,0.07869482785463333,-0.048748791217803955,0.08051905035972595,0.038109757006168365
17,-0.06437993049621582,-0.0058003878220915794,0.005178593099117279,-0.05760152265429497,-0.13012069463729858,0.08257849514484406,-0.03444298356771469,-0.08127854764461517,0.24041195213794708,-0.22995589673519135,0.16865572333335876,-0.07025526463985443,-0.19559051096439362,-0.003735780715942383,-0.0014398284256458282,0.1414254754781723,-0.0978584960103035,-0.22169263660907745,-0.09701596945524216,-0.09444721788167953,-0.10724291205406189,0.03363078087568283,0.025123968720436096,0.056970443576574326,-0.134121373295784,-0.3655340373516083,-0.09061849117279053,-0.08656585216522217,-0.02489510551095009,-0.10080721974372864,-0.03571584075689316,0.11917831748723984,-0.16459116339683533,-0.01350180059671402,0.08873193711042404,0.12881769239902496,-0.04270822927355766,-0.06322706490755081,0.25908657908439636,0.010624775663018227,-0.21990564465522766,-0.0866265669465065,0.05962478742003441,0.2518574893474579,0.15052473545074463,0.023198634386062622,-0.06059376150369644,-0.05922441929578781,0.19820408523082733,-0.23946963250637054,0.08545085042715073,0.17514745891094208,0.10340987145900726,0.013275528326630592,0.0742049589753151,-0.06749294698238373,0.03670598566532135,0.15296702086925507,-0.18973079323768616,-0.009362837299704552,0.038105305284261703,-0.12176842987537384,-0.05432103946805,-0.07258931547403336,0.2606397569179535,0.1228749230504036,-0.09240702539682388,-0.17063964903354645,0.22667141258716583,-0.16813184320926666,-0.06349895894527435,0.049633435904979706,-0.12045635282993317,-0.2067357450723648,-0.2755672335624695,0.004320469684898853,0.40923258662223816,0.14786000549793243,-0.09758902341127396,0.12664732336997986,0.006157653406262398,-0.0827028900384903,-0.015541466884315014,0.1810431331396103,-0.10079970955848694,0.04400433599948883,-0.0026879203505814075,0.02689884603023529,0.22999761998653412,0.019829293712973595,-0.05753076449036598,0.17186397314071655,-0.053974784910678864,0.028635572642087936,0.07907068729400635,-0.017572414129972458,-0.062457047402858734,-0.06044815480709076,-0.17982107400894165,-0.01754818484187126,-0.010324879549443722,-0.02012385055422783,-0.013825871050357819,0.10910136997699738,-0.22272689640522003,0.1702815294265747,-0.07833009213209152,-0.07118666172027588,-0.010887869633734226,-0.01551148109138012,-0.06657586246728897,-0.048017337918281555,0.16150891780853271,-0.3195651173591614,0.06612534821033478,0.09560023248195648,0.07851912081241608,0.20293906331062317,0.07492049783468246,0.05302540957927704,0.06080153211951256,-0.006156649440526962,-0.241638645529747,-0.10694336891174316,0.08572383970022202,-0.03719673678278923,0.06207970529794693,0.06148960441350937
18,-0.0584804005920887,-0.004729277454316616,0.02095377817749977,-0.06571070849895477,-0.123158298432827,0.08925547450780869,-0.009663384407758713,-0.08626404404640198,0.21812991797924042,-0.2145169973373413,0.16090551018714905,-0.08570253849029541,-0.22936740517616272,0.003377750515937805,-0.01735106110572815,0.1680406779050827,-0.10561004281044006,-0.23698031902313232,-0.10198428481817245,-0.10329975187778473,-0.12352839857339859,0.02817709371447563,0.009804274886846542,0.06915786862373352,-0.10745272040367126,-0.3539119064807892,-0.06788301467895508,-0.09472530335187912,-0.03528401255607605,-0.11383789032697678,-0.03910471871495247,0.10433261096477509,-0.18046730756759644,-0.014681553468108177,0.09563783556222916,0.12485332041978836,-0.07085755467414856,-0.0821508914232254,0.26253822445869446,0.02027226984500885,-0.18948420882225037,-0.06695432960987091,0.044892631471157074,0.26172080636024475,0.15389010310173035,0.018736708909273148,-0.053420983254909515,-0.07443121075630188,0.206571564078331,-0.2520340085029602,0.07471515238285065,0.1788415163755417,0.11686880886554718,0.03192949295043945,0.046323858201503754,-0.07944278419017792,0.04735132306814194,0.15698765218257904,-0.21071162819862366,0.016928546130657196,0.034972142428159714,-0.14373821020126343,-0.03984884172677994,-0.061594944447278976,0.2576373517513275,0.08728297054767609,-0.10218392312526703,-0.17228581011295319,0.21972496807575226,-0.16222527623176575,-0.05294974893331528,0.034095749258995056,-0.1237124353647232,-0.21528299152851105,-0.27016425132751465,0.026112711057066917,0.3969334661960602,0.15018711984157562,-0.09772416204214096,0.12759415805339813,-0.012266219593584538,-0.07524570822715759,-0.02444382943212986,0.1930672526359558,-0.07717308402061462,0.01746835559606552,-0.0028923959471285343,0.029226154088974,0.21499714255332947,-0.00436808355152607,-0.06305381655693054,0.17905017733573914,-0.06843683123588562,0.020699970424175262,0.058061402291059494,-0.02024998515844345,-0.07247169315814972,-0.03440982103347778,-0.15262041985988617,-0.017106588929891586,-0.03455737978219986,-0.014641339890658855,0.0035918019711971283,0.09836897999048233,-0.21651233732700348,0.1617070436477661,-0.09460227936506271,-0.06285250186920166,-0.019376207143068314,-0.03456870838999748,-0.07330674678087234,-0.0563080720603466,0.15720273554325104,-0.34263500571250916,0.09001874178647995,0.12895260751247406,0.08044511079788208,0.1908467710018158,0.06626895815134048,0.03642762079834938,0.08516430854797363,-0.004257380962371826,-0.24335962533950806,-0.09575904905796051,0.1000746339559555,-0.010589193552732468,0.054517507553100586,0.06233280897140503
19,-0.07634236663579941,-0.014417112804949284,0.013345189392566681,-0.06292465329170227,-0.11432458460330963,0.07695864140987396,-0.014434590004384518,-0.079990915954113,0.21878959238529205,-0.21952739357948303,0.15353459119796753,-0.06703808903694153,-0.22663581371307373,-0.005174566060304642,0.005118232220411301,0.15641754865646362,-0.11758283525705338,-0.2542961835861206,-0.10612557083368301,-0.12042265385389328,-0.13778764009475708,0.02388468198478222,0.02062125876545906,0.057756081223487854,-0.12473887205123901,-0.35543060302734375,-0.0792517140507698,-0.08699402213096619,-0.02083386853337288,-0.10753681510686874,-0.0314030796289444,0.08534494787454605,-0.1859678328037262,-0.021801039576530457,0.10045656561851501,0.10853301733732224,-0.07486873865127563,-0.09242589771747589,0.2853582203388214,0.012957191094756126,-0.18970996141433716,-0.08335300534963608,0.07326158881187439,0.27686330676078796,0.16808871924877167,0.01557549275457859,-0.06705451011657715,-0.0633513331413269,0.20940469205379486,-0.2529361844062805,0.0742829442024231,0.18041273951530457,0.09634395688772202,0.038293808698654175,0.052043043076992035,-0.08044770359992981,0.04344949126243591,0.17700016498565674,-0.20206975936889648,0.03935790807008743,0.022145656868815422,-0.15504974126815796,-0.03682320564985275,-0.06176042556762695,0.2708083987236023,0.09199488162994385,-0.0988258644938469,-0.179663747549057,0.2441563606262207,-0.1593538522720337,-0.049485981464385986,0.039141081273555756,-0.11787939816713333,-0.21591392159461975,-0.2617313861846924,-0.000643544364720583,0.3867926299571991,0.1420704424381256,-0.08739622682332993,0.13127446174621582,-0.015902671962976456,-0.09290748834609985,-0.02057601884007454,0.19019697606563568,-0.07985581457614899,0.009131524711847305,-0.006343028508126736,0.027792375534772873,0.25543543696403503,0.020460866391658783,-0.06795338541269302,0.17972494661808014,-0.06106944382190704,0.013776334002614021,0.07779744267463684,-0.017009593546390533,-0.08138710260391235,-0.05000772699713707,-0.18591569364070892,-0.0262313075363636,-0.036525510251522064,-0.035832080990076065,0.0047200992703437805,0.1052854135632515,-0.20943641662597656,0.1656261533498764,-0.06312380731105804,-0.05431371182203293,-0.026206180453300476,-0.02725612185895443,-0.07271535694599152,-0.05032745376229286,0.15691497921943665,-0.3344702124595642,0.11375274509191513,0.129449725151062,0.10504329949617386,0.19624367356300354,0.06549019366502762,0.024390386417508125,0.07631725072860718,-0.005662877112627029,-0.24142256379127502,-0.09266962856054306,0.0717029795050621,-0.01311992947012186,0.07681646943092346,0.08431797474622726
20,-0.06403697282075882,-0.001879327930510044,0.010721318423748016,-0.08131696283817291,-0.12320984899997711,0.07445365935564041,-0.03579706698656082,-0.09866505861282349,0.24503472447395325,-0.24942466616630554,0.17363616824150085,-0.060013651847839355,-0.20675845444202423,-0.009307585656642914,0.004614703357219696,0.14185117185115814,-0.11322511732578278,-0.22679436206817627,-0.09418526291847229,-0.10999281704425812,-0.09907019138336182,0.017331134527921677,0.03560144826769829,0.06404806673526764,-0.12054616212844849,-0.35911691188812256,-0.09089356660842896,-0.09656713157892227,-0.028404848650097847,-0.10131829231977463,-0.023558225482702255,0.11985065042972565,-0.1727355718612671,-0.015828970819711685,0.07135255634784698,0.12877579033374786,-0.042764026671648026,-0.0639292448759079,0.2657078802585602,0.002515154890716076,-0.21934904158115387,-0.09045965224504471,0.06643184274435043,0.24681438505649567,0.14788031578063965,0.010778787545859814,-0.0726223737001419,-0.05365148186683655,0.20883961021900177,-0.2459080070257187,0.08885931223630905,0.17333993315696716,0.1120838075876236,0.021292977035045624,0.08802634477615356,-0.07111889868974686,0.057717904448509216,0.14500541985034943,-0.1931299865245819,-0.0038223927840590477,0.04385586455464363,-0.1379791796207428,-0.04260888695716858,-0.06605792045593262,0.2636202871799469,0.12228639423847198,-0.0899999588727951,-0.15890760719776154,0.22886623442173004,-0.1486489176750183,-0.066165991127491,0.057270489633083344,-0.1296692043542862,-0.2009897232055664,-0.27159735560417175,0.001149405026808381,0.4131370484828949,0.15627694129943848,-0.09283974766731262,0.11999773979187012,-0.014169436879456043,-0.09475521743297577,-0.013202914036810398,0.17616280913352966,-0.09019017964601517,0.03665482997894287,-0.005969011224806309,0.039128322154283524,0.21815361082553864,0.017559446394443512,-0.06455782055854797,0.18697936832904816,-0.052176762372255325,0.041867900639772415,0.07006637752056122,-0.014190919697284698,-0.07015243172645569,-0.05485694110393524,-0.2012093961238861,-0.01679997518658638,-0.023472178727388382,-0.019724175333976746,-0.021725524216890335,0.10122781991958618,-0.22198817133903503,0.15546056628227234,-0.06348734349012375,-0.07258975505828857,-0.02417404018342495,-0.0066218264400959015,-0.07491590082645416,-0.05057712644338608,0.15085534751415253,-0.3208630383014679,0.07738804072141647,0.10849006474018097,0.08833758533000946,0.19757945835590363,0.07417075335979462,0.0390828438103199,0.06713477522134781,-0.03617774695158005,-0.24057330191135406,-0.10355545580387115,0.0927579402923584,-0.023402465507388115,0.057097576558589935,0.06906896084547043
21,-0.06611578166484833,-0.005984046030789614,0.01358010247349739,-0.07516971975564957,-0.11787961423397064,0.07457421720027924,-0.031158171594142914,-0.09490206837654114,0.2515157163143158,-0.24859672784805298,0.18663881719112396,-0.05046195164322853,-0.20513004064559937,0.00020230188965797424,0.014516610652208328,0.13912563025951385,-0.11595826596021652,-0.2208786904811859,-0.10112674534320831,-0.10838033258914948,-0.09475068002939224,0.013245593756437302,0.03209872171282768,0.05128966644406319,-0.13590285181999207,-0.3618502616882324,-0.0867944210767746,-0.08814483135938644,-0.018747322261333466,-0.09692975878715515,-0.027335982769727707,0.11196423321962357,-0.17970217764377594,-0.021350394934415817,0.08596932142972946,0.14631356298923492,-0.04984833672642708,-0.07804486155509949,0.2568974196910858,0.002200685441493988,-0.20851624011993408,-0.09386401623487473,0.06486988067626953,0.24096937477588654,0.13498803973197937,0.005904782563447952,-0.05721188336610794,-0.06250789761543274,0.2037661075592041,-0.24779386818408966,0.08115985244512558,0.16551990807056427,0.11046931147575378,0.03144678473472595,0.08778003603219986,-0.07770595699548721,0.06655294448137283,0.14682970941066742,-0.19404366612434387,-0.005111470818519592,0.05332168936729431,-0.13083134591579437,-0.05525054782629013,-0.07046590745449066,0.258611798286438,0.12594002485275269,-0.09309028089046478,-0.17223681509494781,0.21554219722747803,-0.14726676046848297,-0.06960748136043549,0.05754794925451279,-0.13071298599243164,-0.2062065303325653,-0.27763912081718445,-0.00672804843634367,0.42140868306159973,0.16240495443344116,-0.10043483972549438,0.11045325547456741,-0.013667674735188484,-0.08769283443689346,-0.009872193448245525,0.17431868612766266,-0.0844704657793045,0.04717878997325897,-0.013127569109201431,0.04304452985525131,0.2267504632472992,0.021319782361388206,-0.07146872580051422,0.16786691546440125,-0.047594375908374786,0.03984508663415909,0.06639530509710312,-0.017998170107603073,-0.0803394764661789,-0.06393611431121826,-0.2037232518196106,-0.03155365586280823,-0.027963459491729736,-0.008968937210738659,-0.02654879167675972,0.1080833300948143,-0.22166292369365692,0.16998635232448578,-0.0655532032251358,-0.0809643417596817,-0.020591117441654205,-0.010591743513941765,-0.07366319745779037,-0.045127324759960175,0.14395256340503693,-0.32343772053718567,0.07287704944610596,0.1218523383140564,0.0963854193687439,0.19851255416870117,0.07025893032550812,0.033557988703250885,0.06231456249952316,-0.01223411038517952,-0.24702201783657074,-0.11095695197582245,0.06781107187271118,-0.02287568338215351,0.05914010852575302,0.05344599485397339
22,-0.06732957810163498,-0.0007385374046862125,0.01905795931816101,-0.06938226521015167,-0.10286246240139008,0.1056394875049591,-0.002898549661040306,-0.0818648636341095,0.21314865350723267,-0.21908986568450928,0.17380128800868988,-0.06332428008317947,-0.23827052116394043,-0.011582579463720322,0.018202070146799088,0.1525975465774536,-0.11677555739879608,-0.24529489874839783,-0.12107367068529129,-0.1153707206249237,-0.13180406391620636,0.023552512750029564,0.037020765244960785,0.05475158244371414,-0.1301741600036621,-0.36851590871810913,-0.0633382573723793,-0.10215892642736435,-0.00624544732272625,-0.09665517508983612,-0.038505882024765015,0.0823294073343277,-0.18670722842216492,-0.011843373998999596,0.09314826875925064,0.11493941396474838,-0.08371870219707489,-0.09174831211566925,0.2841552197933197,0.013431360945105553,-0.18228983879089355,-0.0586114302277565,0.055543314665555954,0.2648318409919739,0.15005382895469666,0.0007143896073102951,-0.044697508215904236,-0.07774396240711212,0.20307406783103943,-0.25284457206726074,0.08116420358419418,0.17810088396072388,0.11141785979270935,0.039476700127124786,0.07008364051580429,-0.07332171499729156,0.05128449946641922,0.1710149049758911,-0.20757247507572174,0.049257032573223114,0.026450060307979584,-0.1227588802576065,-0.03611350059509277,-0.07262635231018066,0.2499706894159317,0.08558782935142517,-0.10169852524995804,-0.17705917358398438,0.21108336746692657,-0.15421612560749054,-0.04559726268053055,0.06781841814517975,-0.12172895669937134,-0.22506964206695557,-0.2559603154659271,0.00496937520802021,0.39091742038726807,0.1689670979976654,-0.104403555393219,0.10934734344482422,-0.02070547081530094,-0.09752131998538971,-0.0012024221941828728,0.18288813531398773,-0.0805397778749466,0.010932553559541702,-0.007287503685802221,0.03747383505105972,0.24262723326683044,0.019372522830963135,-0.07594592869281769,0.20012061297893524,-0.04536516219377518,0.023631636053323746,0.06194911524653435,-0.02217666059732437,-0.0789305567741394,-0.05583839491009712,-0.1811101883649826,-0.03177705034613609,-0.051733147352933884,-0.02735782042145729,-0.004740428179502487,0.08772359043359756,-0.2116401344537735,0.1633058786392212,-0.07121893763542175,-0.054082125425338745,-0.014235440641641617,-0.022463958710432053,-0.07749398052692413,-0.04852434992790222,0.1557914763689041,-0.3500259816646576,0.0869661346077919,0.14602155983448029,0.10396883636713028,0.17690250277519226,0.07239343225955963,0.011389460414648056,0.07459191977977753,-0.007117018103599548,-0.25005921721458435,-0.08811720460653305,0.08314648270606995,-0.01619820110499859,0.06722304970026016,0.06424389779567719
